k,scope,condition,reference,difference,low,high,routes,drivers,mean_direction,interval_support
3,all,proxy_clean,random,-0.7497582434750912,-0.9340959608688498,-0.5645481426546098,4112,261,True,True
3,all,proxy_clean,uncertainty,-0.3975818993042825,-0.6194539680871478,-0.17212365467768592,4112,261,True,True
3,all,proxy_clean,disagreement,-0.6909441263444012,-0.9107723083675848,-0.4766990515948121,4112,261,True,True
3,all,proxy_clean,latest_eta,-0.7563763570732338,-0.9729390368560512,-0.528854920249104,4112,261,True,True
3,all,independent_refusal25,random,-0.5623186826063183,-0.7005719706516375,-0.42341110699095724,4112,261,True,True
3,all,independent_refusal25,uncertainty,-0.29818642447821186,-0.46459047606536064,-0.12909274100826446,4112,261,True,True
3,all,independent_refusal25,disagreement,-0.5182080947583007,-0.6830792312756887,-0.3575242886961089,4112,261,True,True
3,all,independent_refusal25,latest_eta,-0.5672822678049253,-0.7297042776420386,-0.39664119018682803,4112,261,True,True
3,all,independent_refusal50,random,-0.3748791217375456,-0.4670479804344248,-0.28227407132730487,4112,261,True,True
3,all,independent_refusal50,uncertainty,-0.19879094965214128,-0.30972698404357374,-0.08606182733884292,4112,261,True,True
3,all,independent_refusal50,disagreement,-0.34547206317220064,-0.45538615418379247,-0.23834952579740593,4112,261,True,True
3,all,independent_refusal50,latest_eta,-0.3781881785366169,-0.48646951842802577,-0.26442746012455204,4112,261,True,True
3,all,entropy_refusal25,random,-0.25580516946516685,-0.37757790032342187,-0.13635306241988354,4112,261,True,True
3,all,entropy_refusal25,uncertainty,-0.21072726770858677,-0.362937917435299,-0.04458603606852462,4112,261,True,True
3,all,entropy_refusal25,disagreement,-0.19464503154981513,-0.34526141132008104,-0.046643955385678774,4112,261,True,True
3,all,entropy_refusal25,latest_eta,-0.16164640460337767,-0.319928045059445,0.004302213404048042,4112,261,True,False
3,all,entropy_refusal50,random,-0.10204319664682039,-0.20610431389083936,0.0001580483774610245,4112,261,True,False
3,all,entropy_refusal50,uncertainty,-0.05717046783066153,-0.18784219069437758,0.07500306405501933,4112,261,True,False
3,all,entropy_refusal50,disagreement,-0.03814131029768726,-0.15701153382292715,0.0832560912907493,4112,261,True,False
3,all,entropy_refusal50,latest_eta,-0.005352695569540994,-0.14765892805133415,0.13339379221503841,4112,261,True,False
3,all,adjacent_error10,random,-0.7469144421257568,-0.9165109899020063,-0.5735039304552122,4112,261,True,True
3,all,adjacent_error10,uncertainty,-0.39803451503484016,-0.6009405001645166,-0.1911510180568165,4112,261,True,True
3,all,adjacent_error10,disagreement,-0.6784181930022737,-0.883498501363679,-0.48060329589768747,4112,261,True,True
3,all,adjacent_error10,latest_eta,-0.6773907267680847,-0.8862521572190503,-0.4641206535376439,4112,261,True,True
3,all,adjacent_error20,random,-0.7440706407764223,-0.9002597790464439,-0.5861320022125966,4112,261,True,True
3,all,adjacent_error20,uncertainty,-0.3984871307653976,-0.5803115573202066,-0.21092338257865517,4112,261,True,True
3,all,adjacent_error20,disagreement,-0.6658922596601462,-0.8544085412651273,-0.4815307814692104,4112,261,True,True
3,all,adjacent_error20,latest_eta,-0.5984050964629354,-0.7967186176548665,-0.3979802247334516,4112,261,True,True
3,all,arbitrary_error10,random,-0.763453822169367,-0.9320115245255459,-0.591681206155259,4112,261,True,True
3,all,arbitrary_error10,uncertainty,-0.3714484841941583,-0.5685318956775595,-0.17177830073408112,4112,261,True,True
3,all,arbitrary_error10,disagreement,-0.6506670677829597,-0.8527442140744195,-0.4531461480102241,4112,261,True,True
3,all,arbitrary_error10,latest_eta,-0.7262135205717328,-0.9351221429139084,-0.5126526879229067,4112,261,True,True
3,all,arbitrary_error20,random,-0.7771494008636427,-0.9319600037083626,-0.619601378580023,4112,261,True,True
3,all,arbitrary_error20,uncertainty,-0.34531506908403403,-0.519979346901273,-0.1675444923233904,4112,261,True,True
3,all,arbitrary_error20,disagreement,-0.6103900092215184,-0.7930263504996148,-0.4298743588323542,4112,261,True,True
3,all,arbitrary_error20,latest_eta,-0.6960506840702317,-0.8948307011985422,-0.49052606483973776,4112,261,True,True
3,mismatch_0_to_10pct,proxy_clean,random,-1.3095027721202226,-1.5672636267627835,-1.0700590144811657,1312,204,True,True
3,mismatch_0_to_10pct,proxy_clean,uncertainty,-0.765215319658194,-1.036709895986931,-0.5077681238869559,1312,204,True,True
3,mismatch_0_to_10pct,proxy_clean,disagreement,-1.3004134537475938,-1.6158271527863601,-1.0152296088175528,1312,204,True,True
3,mismatch_0_to_10pct,proxy_clean,latest_eta,-1.4965003554844913,-1.8413136031908728,-1.1638100960036288,1312,204,True,True
3,mismatch_10_to_30pct,proxy_clean,random,-0.8054233473411766,-1.0711484289968332,-0.5345134808163782,1364,199,True,True
3,mismatch_10_to_30pct,proxy_clean,uncertainty,-0.5456320575863699,-0.8693964639292717,-0.19730738065467227,1364,199,True,True
3,mismatch_10_to_30pct,proxy_clean,disagreement,-0.7010953207912184,-1.0568031689944242,-0.3271945472001293,1364,199,True,True
3,mismatch_10_to_30pct,proxy_clean,latest_eta,-1.0552310040066686,-1.3679699058100432,-0.7630047970071574,1364,199,True,True
3,mismatch_over_30pct,proxy_clean,random,-0.18547410471760348,-0.52424230417299,0.1317745167898278,1436,198,True,False
3,mismatch_over_30pct,proxy_clean,uncertainty,0.07893304735386426,-0.3456022445458414,0.49717792132296823,1436,198,False,False
3,mismatch_over_30pct,proxy_clean,disagreement,-0.12446084864353218,-0.5447630914963542,0.3158551893384353,1436,198,True,False
3,mismatch_over_30pct,proxy_clean,latest_eta,0.20370750388273787,-0.22762361562849603,0.6055294139895789,1436,198,False,False
3,driver_seen_False,proxy_clean,random,-1.029986904309119,-1.7204552695218724,-0.27408839079546987,239,77,True,True
3,driver_seen_False,proxy_clean,uncertainty,-0.2778268104507024,-1.2048310958597621,0.7351169119815218,239,77,True,False
3,driver_seen_False,proxy_clean,disagreement,-1.2250164680134503,-2.162515313010615,-0.23334355015270206,239,77,True,True
3,driver_seen_False,proxy_clean,latest_eta,-1.2580977335464152,-2.209524962007926,-0.28154527227355675,239,77,True,True
3,driver_seen_True,proxy_clean,random,-0.7324655375780262,-0.9162935946470596,-0.5491178327855186,3873,219,True,True
3,driver_seen_True,proxy_clean,uncertainty,-0.40497189833242764,-0.6178470479352789,-0.184345106644927,3873,219,True,True
3,driver_seen_True,proxy_clean,disagreement,-0.6579869123865123,-0.8707123791161356,-0.44417651514030937,3873,219,True,True
3,driver_seen_True,proxy_clean,latest_eta,-0.725415497538741,-0.9425512898662756,-0.49299249044810195,3873,219,True,True
5,all,proxy_clean,random,-0.8310353439285998,-1.0239424503838264,-0.6446198275510572,4112,261,True,True
5,all,proxy_clean,uncertainty,-0.3441527719196975,-0.5823452236264853,-0.10279553583028293,4112,261,True,True
5,all,proxy_clean,disagreement,-0.7572854366346641,-0.9735075173738856,-0.5311095042351592,4112,261,True,True
5,all,proxy_clean,latest_eta,-0.8929803566706097,-1.1355489615211398,-0.6414701938208179,4112,261,True,True
5,all,independent_refusal25,random,-0.6232765079464497,-0.7679568377878697,-0.48346487066329297,4112,261,True,True
5,all,independent_refusal25,uncertainty,-0.2581145789397732,-0.4367589177198642,-0.07709665187271217,4112,261,True,True
5,all,independent_refusal25,disagreement,-0.5679640774759982,-0.7301306380304142,-0.3983321281763694,4112,261,True,True
5,all,independent_refusal25,latest_eta,-0.6697352675029575,-0.8516617211408551,-0.4811026453656136,4112,261,True,True
5,all,independent_refusal50,random,-0.4155176719642999,-0.5119712251919132,-0.3223099137755288,4112,261,True,True
5,all,independent_refusal50,uncertainty,-0.17207638595984873,-0.2911726118132426,-0.051397767915141404,4112,261,True,True
5,all,independent_refusal50,disagreement,-0.378642718317332,-0.48675375868694304,-0.2655547521175796,4112,261,True,True
5,all,independent_refusal50,latest_eta,-0.44649017833530497,-0.56777448076057,-0.3207350969104091,4112,261,True,True
5,all,entropy_refusal25,random,-0.2687181920653945,-0.41098686362866227,-0.13046938125939334,4112,261,True,True
5,all,entropy_refusal25,uncertainty,-0.229711925807733,-0.3997651675806534,-0.05553360565484993,4112,261,True,True
5,all,entropy_refusal25,disagreement,-0.2720872588485999,-0.4303868848669796,-0.1172227455240514,4112,261,True,True
5,all,entropy_refusal25,latest_eta,-0.21483568228910874,-0.39844333551019495,-0.030352428654100202,4112,261,True,True
5,all,entropy_refusal50,random,-0.16767675258939835,-0.27441219768686137,-0.07260034315430504,4112,261,True,True
5,all,entropy_refusal50,uncertainty,-0.11505392063077413,-0.2431177134164148,0.012138161261335798,4112,261,True,False
5,all,entropy_refusal50,disagreement,-0.14373247407076672,-0.2709498935852857,-0.025396127492485206,4112,261,True,True
5,all,entropy_refusal50,latest_eta,-0.07359042188091304,-0.22228874241031762,0.06937869870385374,4112,261,True,False
5,all,adjacent_error10,random,-0.8272895958693262,-1.011149269904047,-0.6463771042829337,4112,261,True,True
5,all,adjacent_error10,uncertainty,-0.36113306281924334,-0.5926798404691228,-0.1323164665941825,4112,261,True,True
5,all,adjacent_error10,disagreement,-0.7573730918882939,-0.9648847239470795,-0.5430450699843673,4112,261,True,True
5,all,adjacent_error10,latest_eta,-0.823395215562968,-1.058410654657914,-0.579477953142944,4112,261,True,True
5,all,adjacent_error20,random,-0.8235438478100529,-1.0002568742441216,-0.6490449876645391,4112,261,True,True
5,all,adjacent_error20,uncertainty,-0.378113353718789,-0.6009381644853996,-0.15541188106335524,4112,261,True,True
5,all,adjacent_error20,disagreement,-0.7574607471419239,-0.950890458592546,-0.5520693146637706,4112,261,True,True
5,all,adjacent_error20,latest_eta,-0.7538100744553264,-0.9811310379145354,-0.5182444866330315,4112,261,True,True
5,all,arbitrary_error10,random,-0.8323793451890771,-1.0081988351904412,-0.658633162654241,4112,261,True,True
5,all,arbitrary_error10,uncertainty,-0.33394928388471184,-0.5531249568213741,-0.1129280452756602,4112,261,True,True
5,all,arbitrary_error10,disagreement,-0.7316124219456842,-0.9273050595888258,-0.5287048245034031,4112,261,True,True
5,all,arbitrary_error10,latest_eta,-0.8599215433640893,-1.085526071589809,-0.623247963494719,4112,261,True,True
5,all,arbitrary_error20,random,-0.8337233464495548,-0.9949332939941943,-0.6732377864679344,4112,261,True,True
5,all,arbitrary_error20,uncertainty,-0.3237457958497261,-0.5224554995121048,-0.12177634765765578,4112,261,True,True
5,all,arbitrary_error20,disagreement,-0.7059394072567049,-0.8807208514972111,-0.5235027263618988,4112,261,True,True
5,all,arbitrary_error20,latest_eta,-0.8268627300575692,-1.04711135331197,-0.5976177690198741,4112,261,True,True
5,mismatch_0_to_10pct,proxy_clean,random,-1.3054271553002543,-1.6446906094005107,-1.0065297260514807,929,177,True,True
5,mismatch_0_to_10pct,proxy_clean,uncertainty,-0.7274282662055201,-1.1808870337999127,-0.3062050693576804,929,177,True,True
5,mismatch_0_to_10pct,proxy_clean,disagreement,-1.0532045930503913,-1.4939731159954142,-0.6598094128338459,929,177,True,True
5,mismatch_0_to_10pct,proxy_clean,latest_eta,-1.51605319055948,-1.9599856925055863,-1.0970340016982096,929,177,True,True
5,mismatch_10_to_30pct,proxy_clean,random,-1.3789085609634553,-1.7102916583115308,-1.0621322609849746,1022,193,True,True
5,mismatch_10_to_30pct,proxy_clean,uncertainty,-0.9853479109719846,-1.3603152472691424,-0.5994163466803633,1022,193,True,True
5,mismatch_10_to_30pct,proxy_clean,disagreement,-1.2545137072401353,-1.7030553444204197,-0.8199241474439688,1022,193,True,True
5,mismatch_10_to_30pct,proxy_clean,latest_eta,-1.6342254235953093,-1.9968028773344602,-1.27745526066686,1022,193,True,True
5,mismatch_over_30pct,proxy_clean,random,-0.3679921136769157,-0.6511582420691043,-0.07343901459019514,2161,216,True,True
5,mismatch_over_30pct,proxy_clean,uncertainty,0.1238548015661732,-0.21937970918853814,0.500804963533774,2161,216,False,False
5,mismatch_over_30pct,proxy_clean,disagreement,-0.39491792674618553,-0.7066665156335002,-0.0644586303092921,2161,216,True,True
5,mismatch_over_30pct,proxy_clean,latest_eta,-0.2745689170223899,-0.6240567349948207,0.10781224236188557,2161,216,True,False
5,driver_seen_False,proxy_clean,random,-1.0484726908017277,-1.772478051601204,-0.3053039059223681,239,77,True,True
5,driver_seen_False,proxy_clean,uncertainty,-0.41987490624216534,-1.2227197035489847,0.3984548077581656,239,77,True,False
5,driver_seen_False,proxy_clean,disagreement,-0.8500610154602355,-2.0079956334464777,0.3202662159196897,239,77,True,False
5,driver_seen_False,proxy_clean,latest_eta,-1.428145935739425,-2.35666830597123,-0.49775683796981,239,77,True,True
5,driver_seen_True,proxy_clean,random,-0.8176174441344667,-1.0032704591487018,-0.6206455261666467,3873,219,True,True
5,driver_seen_True,proxy_clean,uncertainty,-0.33948001434080005,-0.568423909135598,-0.08346096744108808,3873,219,True,True
5,driver_seen_True,proxy_clean,disagreement,-0.7515603234564271,-0.9603520342885522,-0.5170331612189426,3873,219,True,True
5,driver_seen_True,proxy_clean,latest_eta,-0.8599556798316098,-1.105720851656915,-0.6100675784585345,3873,219,True,True
