method,mae,answers,scope,k,condition,routes
disagreement,73.22428067033411,1.0,all,3,proxy_clean,4112
gain,72.5333365439897,1.0,all,3,proxy_clean,4112
latest_eta,73.28971290106294,1.0,all,3,proxy_clean,4112
random,73.2830947874648,1.0,all,3,proxy_clean,4112
uncertainty,72.93091844329399,1.0,all,3,proxy_clean,4112
disagreement,73.25554587828425,0.75,all,3,independent_refusal25,4112
gain,72.73733778352596,0.75,all,3,independent_refusal25,4112
latest_eta,73.30462005133087,0.75,all,3,independent_refusal25,4112
random,73.29965646613226,0.75,all,3,independent_refusal25,4112
uncertainty,73.03552420800416,0.75,all,3,independent_refusal25,4112
disagreement,73.28681108623441,0.5,all,3,independent_refusal50,4112
gain,72.9413390230622,0.5,all,3,independent_refusal50,4112
latest_eta,73.31952720159882,0.5,all,3,independent_refusal50,4112
random,73.31621814479975,0.5,all,3,independent_refusal50,4112
uncertainty,73.14012997271433,0.5,all,3,independent_refusal50,4112
disagreement,73.33568610871147,0.5172665369649806,all,3,entropy_refusal25,4112
gain,73.14104107716166,0.42412451361867703,all,3,entropy_refusal25,4112
latest_eta,73.30268748176503,0.8667315175097277,all,3,entropy_refusal25,4112
random,73.39684624662684,0.6748902661121358,all,3,entropy_refusal25,4112
uncertainty,73.35176834487025,0.14713035019455253,all,3,entropy_refusal25,4112
disagreement,73.33632455042077,0.19601167315175097,all,3,entropy_refusal50,4112
gain,73.2981832401231,0.19576848249027237,all,3,entropy_refusal50,4112
latest_eta,73.30353593569264,0.6991731517509727,all,3,entropy_refusal50,4112
random,73.40022643676991,0.4202114822868736,all,3,entropy_refusal50,4112
uncertainty,73.35535370795375,0.01264591439688716,all,3,entropy_refusal50,4112
disagreement,73.36035980731597,1.0,all,3,adjacent_error10,4112
gain,72.6819416143137,1.0,all,3,adjacent_error10,4112
latest_eta,73.3593323410818,1.0,all,3,adjacent_error10,4112
random,73.42885605643947,1.0,all,3,adjacent_error10,4112
uncertainty,73.07997612934855,1.0,all,3,adjacent_error10,4112
disagreement,73.49643894429786,1.0,all,3,adjacent_error20,4112
gain,72.83054668463771,1.0,all,3,adjacent_error20,4112
latest_eta,73.42895178110064,1.0,all,3,adjacent_error20,4112
random,73.57461732541412,1.0,all,3,adjacent_error20,4112
uncertainty,73.22903381540311,1.0,all,3,adjacent_error20,4112
disagreement,73.49695295680729,1.0,all,3,arbitrary_error10,4112
gain,72.84628588902434,1.0,all,3,arbitrary_error10,4112
latest_eta,73.57249940959608,1.0,all,3,arbitrary_error10,4112
random,73.6097397111937,1.0,all,3,arbitrary_error10,4112
uncertainty,73.21773437321849,1.0,all,3,arbitrary_error10,4112
disagreement,73.76962524328049,1.0,all,3,arbitrary_error20,4112
gain,73.15923523405895,1.0,all,3,arbitrary_error20,4112
latest_eta,73.8552859181292,1.0,all,3,arbitrary_error20,4112
random,73.9363846349226,1.0,all,3,arbitrary_error20,4112
uncertainty,73.50455030314299,1.0,all,3,arbitrary_error20,4112
disagreement,77.26539709867052,1.0,mismatch_0_to_10pct,3,proxy_clean,1312
gain,75.96498364492292,1.0,mismatch_0_to_10pct,3,proxy_clean,1312
latest_eta,77.46148400040741,1.0,mismatch_0_to_10pct,3,proxy_clean,1312
random,77.27448641704314,1.0,mismatch_0_to_10pct,3,proxy_clean,1312
uncertainty,76.7301989645811,1.0,mismatch_0_to_10pct,3,proxy_clean,1312
disagreement,70.88108331767656,1.0,mismatch_10_to_30pct,3,proxy_clean,1364
gain,70.17998799688534,1.0,mismatch_10_to_30pct,3,proxy_clean,1364
latest_eta,71.235219000892,1.0,mismatch_10_to_30pct,3,proxy_clean,1364
random,70.98541134422652,1.0,mismatch_10_to_30pct,3,proxy_clean,1364
uncertainty,70.7256200544717,1.0,mismatch_10_to_30pct,3,proxy_clean,1364
disagreement,71.75782971981012,1.0,mismatch_over_30pct,3,proxy_clean,1436
gain,71.63336887116658,1.0,mismatch_over_30pct,3,proxy_clean,1436
latest_eta,71.42966136728384,1.0,mismatch_over_30pct,3,proxy_clean,1436
random,71.81884297588418,1.0,mismatch_over_30pct,3,proxy_clean,1436
uncertainty,71.55443582381272,1.0,mismatch_over_30pct,3,proxy_clean,1436
disagreement,101.11522426027943,1.0,driver_seen_False,3,proxy_clean,239
gain,99.89020779226598,1.0,driver_seen_False,3,proxy_clean,239
latest_eta,101.1483055258124,1.0,driver_seen_False,3,proxy_clean,239
random,100.92019469657511,1.0,driver_seen_False,3,proxy_clean,239
uncertainty,100.1680346027167,1.0,driver_seen_False,3,proxy_clean,239
disagreement,71.50315092130315,1.0,driver_seen_True,3,proxy_clean,3873
gain,70.84516400891663,1.0,driver_seen_True,3,proxy_clean,3873
latest_eta,71.57057950645536,1.0,driver_seen_True,3,proxy_clean,3873
random,71.57762954649466,1.0,driver_seen_True,3,proxy_clean,3873
uncertainty,71.25013590724905,1.0,driver_seen_True,3,proxy_clean,3873
disagreement,73.19765449522109,1.0,all,5,proxy_clean,4112
gain,72.44036905858641,1.0,all,5,proxy_clean,4112
latest_eta,73.33334941525702,1.0,all,5,proxy_clean,4112
random,73.27140440251502,1.0,all,5,proxy_clean,4112
uncertainty,72.78452183050612,1.0,all,5,proxy_clean,4112
disagreement,73.23557624694948,0.75,all,5,independent_refusal25,4112
gain,72.66761216947349,0.75,all,5,independent_refusal25,4112
latest_eta,73.33734743697644,0.75,all,5,independent_refusal25,4112
random,73.29088867741993,0.75,all,5,independent_refusal25,4112
uncertainty,72.92572674841325,0.75,all,5,independent_refusal25,4112
disagreement,73.27349799867788,0.5,all,5,independent_refusal50,4112
gain,72.89485528036056,0.5,all,5,independent_refusal50,4112
latest_eta,73.34134545869586,0.5,all,5,independent_refusal50,4112
random,73.31037295232485,0.5,all,5,independent_refusal50,4112
uncertainty,73.0669316663204,0.5,all,5,independent_refusal50,4112
disagreement,73.38882599216444,0.46181906614785995,all,5,entropy_refusal25,4112
gain,73.11673873331586,0.44309338521400776,all,5,entropy_refusal25,4112
latest_eta,73.33157441560495,0.8553015564202334,all,5,entropy_refusal25,4112
random,73.38545692538123,0.6740036780959177,all,5,entropy_refusal25,4112
uncertainty,73.34645065912359,0.1571011673151751,all,5,entropy_refusal25,4112
disagreement,73.38486941970746,0.21643968871595332,all,5,entropy_refusal50,4112
gain,73.2411369456367,0.1821498054474708,all,5,entropy_refusal50,4112
latest_eta,73.3147273675176,0.6738813229571985,all,5,entropy_refusal50,4112
random,73.4088136982261,0.41489784799970075,all,5,entropy_refusal50,4112
uncertainty,73.35619086626747,0.02164396887159533,all,5,entropy_refusal50,4112
disagreement,73.25564407308471,1.0,all,5,adjacent_error10,4112
gain,72.49827098119641,1.0,all,5,adjacent_error10,4112
latest_eta,73.32166619675938,1.0,all,5,adjacent_error10,4112
random,73.32556057706574,1.0,all,5,adjacent_error10,4112
uncertainty,72.85940404401566,1.0,all,5,adjacent_error10,4112
disagreement,73.31363365094833,1.0,all,5,adjacent_error20,4112
gain,72.55617290380641,1.0,all,5,adjacent_error20,4112
latest_eta,73.30998297826173,1.0,all,5,adjacent_error20,4112
random,73.37971675161646,1.0,all,5,adjacent_error20,4112
uncertainty,72.9342862575252,1.0,all,5,adjacent_error20,4112
disagreement,73.48885628970235,1.0,all,5,arbitrary_error10,4112
gain,72.75724386775667,1.0,all,5,arbitrary_error10,4112
latest_eta,73.61716541112075,1.0,all,5,arbitrary_error10,4112
random,73.58962321294575,1.0,all,5,arbitrary_error10,4112
uncertainty,73.09119315164138,1.0,all,5,arbitrary_error10,4112
disagreement,73.78005808418362,1.0,all,5,arbitrary_error20,4112
gain,73.07411867692691,1.0,all,5,arbitrary_error20,4112
latest_eta,73.9009814069845,1.0,all,5,arbitrary_error20,4112
random,73.90784202337646,1.0,all,5,arbitrary_error20,4112
uncertainty,73.39786447277665,1.0,all,5,arbitrary_error20,4112
disagreement,78.29048493491301,1.0,mismatch_0_to_10pct,5,proxy_clean,929
gain,77.23728034186261,1.0,mismatch_0_to_10pct,5,proxy_clean,929
latest_eta,78.75333353242209,1.0,mismatch_0_to_10pct,5,proxy_clean,929
random,78.54270749716287,1.0,mismatch_0_to_10pct,5,proxy_clean,929
uncertainty,77.96470860806814,1.0,mismatch_0_to_10pct,5,proxy_clean,929
disagreement,72.05637841400825,1.0,mismatch_10_to_30pct,5,proxy_clean,1022
gain,70.80186470676811,1.0,mismatch_10_to_30pct,5,proxy_clean,1022
latest_eta,72.43609013036343,1.0,mismatch_10_to_30pct,5,proxy_clean,1022
random,72.18077326773158,1.0,mismatch_10_to_30pct,5,proxy_clean,1022
uncertainty,71.7872126177401,1.0,mismatch_10_to_30pct,5,proxy_clean,1022
disagreement,71.54802223077208,1.0,mismatch_over_30pct,5,proxy_clean,2161
gain,71.15310430402589,1.0,mismatch_over_30pct,5,proxy_clean,2161
latest_eta,71.42767322104828,1.0,mismatch_over_30pct,5,proxy_clean,2161
random,71.52109641770281,1.0,mismatch_over_30pct,5,proxy_clean,2161
uncertainty,71.02924950245972,1.0,mismatch_over_30pct,5,proxy_clean,2161
disagreement,100.65556943045186,1.0,driver_seen_False,5,proxy_clean,239
gain,99.80550841499164,1.0,driver_seen_False,5,proxy_clean,239
latest_eta,101.23365435073104,1.0,driver_seen_False,5,proxy_clean,239
random,100.85398110579335,1.0,driver_seen_False,5,proxy_clean,239
uncertainty,100.22538332123379,1.0,driver_seen_False,5,proxy_clean,239
disagreement,71.50324662805863,1.0,driver_seen_True,5,proxy_clean,3873
gain,70.7516863046022,1.0,driver_seen_True,5,proxy_clean,3873
latest_eta,71.61164198443382,1.0,driver_seen_True,5,proxy_clean,3873
random,71.56930374873667,1.0,driver_seen_True,5,proxy_clean,3873
uncertainty,71.091166318943,1.0,driver_seen_True,5,proxy_clean,3873
