Route ID,mae,driver,origin
11195,69.97039398563808,15,19
11196,53.75453748978738,12,19
11199,48.59377653224314,143,19
11200,19.704965385466785,306,19
11201,62.474849772881875,96,19
11202,41.43063850201943,22,19
11204,27.932842734276345,18,19
11205,88.43229179207118,279,19
11207,50.59783346767002,282,19
11208,20.627842586639826,266,19
11209,62.243785512217244,31,19
11210,29.979194476916405,39,19
11211,123.50010203392218,350,19
11212,43.020641417309996,296,19
11213,42.21480952938467,164,19
11214,65.33782942847448,302,19
11215,37.836631600724715,41,19
11216,27.570137282580877,198,19
11217,32.28914483762035,162,19
11218,29.72106697460001,21,19
11219,40.924152881693765,325,19
11225,110.96632627714955,339,19
11226,41.277643329211514,127,19
11228,43.98010170809015,28,19
11229,24.311820081529806,99,19
11232,46.99595843961303,286,19
11233,133.88405285089303,197,19
11235,43.88092120462995,262,19
11241,90.7901019109581,32,19
11243,80.26456448958865,34,19
11250,73.31054108806353,268,19
11251,86.58869297790804,341,19
11252,30.657488602023168,128,19
11253,29.96937708096507,104,19
11254,36.32955370576481,274,19
11255,27.39579474675732,269,19
11259,104.77964685296162,234,19
11260,53.86038445992949,278,19
11263,125.30684847995464,38,19
11265,117.85209267325851,102,19
11266,47.76488243194972,301,19
11267,40.66400877301815,275,19
11270,23.315041212605664,270,19
11271,169.10116549934347,129,19
11273,61.81061756344384,343,19
11276,171.41496971781064,88,19
11277,56.554920147071996,297,19
11283,75.35029766961485,106,19
11284,86.85334997211882,46,19
11285,52.02041535391145,80,19
11288,19.063622360942396,283,19
11290,42.11914977323205,167,19
11292,83.17805412050616,113,19
11294,23.015800150158377,79,19
11295,120.79043303907704,206,19
11303,48.97037292736182,40,19
11304,76.72639596641643,150,19
11307,42.86762969444556,75,19
11311,152.50867098708878,45,19
11315,81.55292863221224,171,19
11324,87.95686295479649,87,19
11332,25.647697925488778,3,19
11335,30.62354600114092,141,19
11340,25.451902659120858,9,19
11343,102.89825147838765,2,19
11344,42.104460812424136,143,19
11349,30.000880238423136,96,19
11350,57.12617433474519,14,19
11352,35.7132410614294,202,19
11357,40.584993641263324,271,19
11358,38.27759909826968,266,19
11360,28.10470897149073,164,19
11361,122.77102678737091,339,19
11362,38.80553034271876,41,19
11367,67.80031951954344,273,19
11375,35.66889355334833,264,19
11377,69.92261354223609,288,19
11378,34.97674743318456,43,19
11379,31.786958012160937,145,19
11381,28.39007182281923,246,19
11384,45.68297567346535,296,19
11385,121.76672127893745,197,19
11386,77.36502972839922,341,19
11388,84.8876507112417,327,19
11389,44.51376915435526,269,19
11391,96.51948794454398,294,19
11392,45.26692577939462,279,19
11394,40.807347827248805,57,19
11397,53.36362039349491,325,19
11400,121.44258677562347,32,19
11402,34.227076127450076,314,19
11403,41.14583284246183,46,19
11406,30.28104557024048,102,19
11407,62.71655767949114,31,19
11412,54.176301121134635,338,19
11416,84.21768369201912,343,19
11418,20.993613232435354,165,19
11421,56.55092584651143,297,19
11426,110.17586602162905,80,19
11430,54.8391407814948,62,19
11432,60.910358773016455,345,19
11435,28.527387517288247,167,19
11441,28.980749824985388,79,19
11445,42.46126672435772,72,19
11447,107.74497509119561,70,19
11456,87.94298329223021,226,19
11465,122.01138549359874,87,19
11469,94.24508394676104,94,19
11473,27.924471677101643,9,19
11478,36.814075690944875,141,19
11479,25.19981093222462,7,19
11482,91.14457910513072,19,19
11484,42.04688047845509,16,19
11486,56.93055286132744,15,19
11488,41.14769903837435,306,19
11490,65.54939696357914,350,19
11494,19.746757007615535,198,19
11497,25.211954914284036,258,19
11501,29.602951775135995,266,19
11504,53.73481603090569,99,19
11506,46.33620456935994,162,19
11507,39.470816607988,286,19
11509,97.5507175001066,26,19
11510,51.44004668572105,21,19
11518,26.89636266914335,251,19
11521,30.36439607630429,296,19
11527,39.746951948495585,288,19
11528,86.97123411022375,197,19
11530,144.42205303959207,180,19
11531,57.02012311108712,325,19
11532,33.945152770667036,280,19
11533,19.329355946403055,270,19
11534,51.37823505973407,339,19
11541,60.906096327466315,129,19
11543,29.995682005096555,65,19
11545,27.299120607651663,207,19
11547,63.36011532893866,301,19
11548,59.486325013860665,102,19
11549,46.52004051896662,275,19
11550,64.80000077562565,64,19
11551,59.59065728094693,338,19
11553,47.0724227062758,165,19
11554,42.64727686118743,327,19
11555,75.89674026359766,343,19
11563,44.4689850580787,80,19
11567,45.569712621809565,37,19
11575,38.24842071597474,113,19
11577,38.82689240442686,117,19
11580,33.79454626392001,79,19
11587,44.85675152055084,131,19
11589,132.5311610333931,40,19
11599,151.26568372053103,219,19
11602,118.92606697186089,62,19
11603,119.62923704145153,174,19
11606,47.86824031787256,121,19
11609,92.14785608430981,109,19
11615,24.583349999122316,6,19
11620,40.11728891647328,160,19
11621,59.72498314210996,16,19
11625,36.09492618571107,96,19
11627,85.03228312338167,194,19
11628,41.3169254773116,350,19
11629,26.42192746093914,198,19
11631,15.332964013805588,67,19
11633,59.428594487046055,99,19
11634,48.31080690839645,286,19
11635,81.25412613328204,33,19
11639,25.33125401109978,258,19
11645,34.63389947517084,164,19
11647,28.274954627531777,266,19
11651,80.05950233240404,279,19
11653,50.098091583613886,291,19
11658,28.735095673374836,43,19
11664,155.3351359145591,180,19
11667,88.09529747388598,197,19
11669,36.82424205350689,145,19
11680,21.86701475256954,278,19
11687,52.50629813736695,325,19
11691,40.769077173459074,165,19
11692,79.43906400811619,297,19
11693,22.78648638997597,283,19
11694,68.60892096380095,146,19
11696,57.859664890451825,323,19
11698,80.85672422894655,72,19
11699,78.62865804307593,106,19
11700,96.58513063277304,62,19
11701,64.75572734814126,71,19
11702,75.8080820357367,45,19
11704,41.4121296245809,50,19
11705,99.89010511076238,80,19
11710,39.43011845017376,44,19
11715,47.80055189978933,117,19
11720,56.46182351951027,210,19
11722,101.71352194210498,78,19
11728,30.603500490925732,63,19
11747,64.91765282735423,94,19
11749,31.831539624808276,4,19
11752,72.77052368260013,10,19
11758,31.000691045693408,353,19
11760,62.62578051033381,142,19
11762,33.98282674217998,96,19
11768,52.04891605418069,22,19
11770,27.375216034503254,258,19
11771,30.869275892839074,257,19
11772,26.56535621653301,266,19
11774,55.672199236377786,288,19
11775,43.159621931460705,282,19
11779,31.821736750345135,162,19
11780,30.714589271320747,198,19
11781,63.597584070084736,202,19
11782,67.12231103427916,302,19
11783,31.50458658887454,41,19
11786,62.98365764141883,276,19
11787,51.109451069544846,273,19
11793,45.58809058767899,301,19
11801,32.17513679108972,284,19
11803,36.65395214915604,283,19
11806,35.88639757972932,277,19
11807,57.01290733531035,297,19
11808,37.00357740767082,345,19
11812,71.78367194607588,79,19
11818,81.5685652890923,155,19
11822,51.17627254001823,14,19
11826,106.82785155148171,95,19
11832,60.28836843574149,267,19
11836,45.70657532819885,300,19
11840,40.748648253249385,301,19
11841,77.74150309889552,215,19
11842,42.3655893150418,308,19
11848,66.72367303045888,109,19
11849,37.45078748539822,9,19
11850,19.645554695241653,6,19
11851,94.55786164043145,94,19
11852,91.94174801816412,2,19
11853,42.014451228302065,7,19
11856,65.72496346763647,95,19
11857,28.85184621495001,353,19
11859,33.21368912390346,11,19
11862,40.17618551895963,161,19
11863,48.78286710608859,15,19
11865,46.769278239821844,306,19
11867,65.26270205230924,194,19
11868,25.02610205161668,25,19
11869,44.72512060034862,145,19
11870,218.64103555334114,19,19
11872,122.01456205727638,286,19
11875,40.239885714720955,42,19
11878,47.35331207872863,39,19
11880,19.59197816141847,36,19
11881,38.80872288496491,164,19
11883,77.79147608738998,279,19
11884,40.75419918565617,162,19
11888,70.18347311046588,43,19
11892,85.1867463328479,339,19
11893,106.12530777254354,223,19
11894,63.66938411632036,271,19
11896,41.24555397588998,268,19
11897,53.77532434573529,46,19
11899,110.1450435789349,277,19
11900,74.02548835198388,276,19
11905,38.38966036800478,323,19
11906,90.96523085585538,251,19
11907,43.48374086091451,273,19
11908,63.94704672711691,288,19
11909,139.11884588328013,57,19
11912,165.08311406166553,54,19
11914,47.375769138608206,27,19
11915,96.68851457854323,127,19
11918,34.53746179281607,269,19
11922,31.992103148714236,275,19
11926,112.46284885358583,174,19
11930,67.46637375376994,71,19
11931,32.63039509078743,284,19
11932,161.0941369011491,171,19
11934,48.15486253495603,270,19
11937,70.08918407556085,63,19
11938,35.130736813900015,80,19
11958,43.21141695619878,72,19
11961,65.2130494085318,150,19
11988,40.32641273537168,4,19
11993,23.373223988612516,6,19
12003,100.63029840868721,19,19
12010,69.83265241747047,350,19
12011,37.282671771798974,96,19
12012,35.685980076840615,18,19
12013,28.239041528291796,261,19
12014,44.44465042408119,42,19
12018,20.379835180950263,99,19
12019,24.50791749439866,258,19
12023,7.935666933693917,36,19
12024,24.690247751872775,274,19
12026,95.38667162191902,26,19
12027,22.490168096036314,264,19
12028,15.205225800026692,25,19
12030,19.569495496538007,37,19
12033,15.990093360786517,43,19
12040,81.72375424378876,339,19
12041,176.2104842837671,180,19
12044,58.94354274919658,41,19
12047,62.938489899654904,268,19
12050,70.38470513168438,111,19
12051,99.57012341656305,273,19
12054,17.860217900053808,246,19
12058,67.0841827989948,60,19
12064,40.05905399481918,292,19
12066,38.25195888431469,275,19
12072,55.09582299494332,234,19
12074,28.08861802285376,283,19
12075,31.75164507407274,277,19
12077,136.15104303250322,126,19
12079,38.44257597234945,72,19
12080,21.04656972010737,165,19
12081,83.97221309911777,293,19
12082,48.75052868485693,27,19
12084,36.05830582088151,265,19
12093,53.86646985428958,345,19
12096,36.93672204084319,227,19
12097,70.53293999233104,108,19
12099,129.95764661287384,174,19
12100,24.58108890309705,59,19
12101,97.29979530174901,131,19
12105,64.26593041568842,63,19
12113,102.5110414074264,150,19
12150,27.380221111330535,6,19
12154,30.794254235179032,10,19
12164,79.11601723061557,337,19
12166,31.539030905667612,96,19
12170,104.02824671371235,339,19
12172,44.494982886081964,258,19
12178,59.926376129339104,274,19
12180,59.87225103084097,31,19
12181,40.032788802482735,164,19
12182,53.054512515063735,26,19
12186,17.79401582022343,21,19
12187,28.30709531971672,18,19
12188,36.71717293214296,162,19
12190,58.27761042223853,127,19
12191,64.34901526268625,271,19
12192,32.37290833845971,266,19
12198,56.34386571772815,223,19
12199,147.22464250521838,341,19
12201,38.71079999270316,268,19
12203,56.70809715949387,42,19
12207,65.61407559634664,301,19
12208,109.88197436508449,60,19
12210,24.503810757420176,270,19
12212,153.29058249353633,180,19
12215,40.35937787305077,280,19
12222,55.13033082738926,325,19
12225,93.77331866464388,285,19
12227,127.72494962518468,126,19
12228,88.13568379548305,49,19
12229,87.62950004093855,343,19
12231,24.598684395737344,283,19
12233,47.92150301544817,293,19
12234,43.47537183546714,323,19
12237,37.450141739358514,75,19
12238,73.63760738337213,54,19
12240,61.01472419968243,50,19
12244,42.822718537456964,62,19
12249,20.300909855725074,80,19
12252,46.36455845396268,345,19
12258,27.2357327452592,165,19
12259,50.98312611483044,63,19
12271,67.49666258586451,351,19
12277,86.93238827895851,78,19
12295,46.28894940331083,353,19
12299,20.779532465671664,6,19
12300,48.22819764547598,10,19
12305,37.290681180424485,161,19
12307,128.56481927265298,337,19
12312,26.6194353215901,22,19
12314,60.24401434251248,251,19
12315,16.267440557182073,258,19
12316,94.69872852324433,286,19
12318,30.822913022200193,303,19
12321,63.778194202711695,39,19
12322,18.2510388437971,41,19
12324,89.22639561739085,273,19
12326,30.23247086567194,274,19
12329,46.737144431939655,266,19
12331,19.555878983496136,21,19
12345,36.71348674445956,223,19
12346,49.414920023934,268,19
12347,147.03083248973934,54,19
12348,44.458959237898696,269,19
12349,46.4471583760772,31,19
12350,60.59959795979186,285,19
12356,35.14489497099436,292,19
12357,64.0680757432024,301,19
12358,21.06457841445568,278,19
12362,111.77318880883364,180,19
12368,95.4621634474277,343,19
12369,96.79497192628774,26,19
12374,29.96913856437475,284,19
12375,46.456554500012196,126,19
12377,32.93162679977208,277,19
12381,35.73137879784667,283,19
12382,29.908197297568965,80,19
12383,129.47411212304772,227,19
12384,56.87974957260864,129,19
12392,35.14496158139193,234,19
12393,38.35676355334918,345,19
12394,94.83653275231933,50,19
12395,82.77114464884549,358,19
12406,94.53918202988879,132,19
12408,147.92551011276566,78,19
12413,162.29197419652854,150,19
12416,77.16632583654254,334,19
12417,75.12349916270128,87,19
12438,45.310359322540926,297,19
12439,55.72955918223761,284,19
12443,190.06251018574025,314,19
12447,37.6655519533748,6,19
12453,20.030009307702592,9,19
12457,27.50117710147265,160,19
12459,90.77286338050195,19,19
12461,34.049700897739825,14,19
12462,69.9610825660026,337,19
12463,43.43126816316033,11,19
12464,58.070702086534084,259,19
12469,44.99292452215168,279,19
12470,71.33168701003615,339,19
12471,45.940732873453456,15,19
12472,68.56950830776822,286,19
12473,79.2884859665425,288,19
12475,73.35470626143639,42,19
12476,60.407468340226664,22,19
12478,35.08129115549537,282,19
12479,73.11657263561992,362,19
12480,90.64172833887103,26,19
12482,28.620436661859873,164,19
12483,29.864760145334355,271,19
12484,51.713828347189995,274,19
12485,39.8179589243147,296,19
12486,65.91737400918304,24,19
12487,31.815500752917128,162,19
12488,37.03514094742589,105,19
12490,50.051733500411466,31,19
12492,58.73998767591893,99,19
12493,47.37703635486537,21,19
12496,40.61815602483905,179,19
12502,63.464073511339244,34,19
12504,34.538927228971396,41,19
12506,109.2157117351783,146,19
12507,51.8488599992227,265,19
12508,66.17676243178174,277,19
12509,50.52393827836098,275,19
12512,30.118889738061135,223,19
12513,138.46013049799816,38,19
12516,141.2697381696453,180,19
12519,27.076745622580574,354,19
12520,40.956556285570564,273,19
12522,19.774653419244896,270,19
12523,79.59015535910453,234,19
12524,41.849529281438336,280,19
12527,24.690908757805364,165,19
12529,60.687819226196154,360,19
12530,70.06545431801955,40,19
12532,76.26833118472054,263,19
12533,64.91127713174241,54,19
12536,84.27499440810617,32,19
12537,48.333536349225206,293,19
12539,24.23214545391812,284,19
12540,73.30672954136237,323,19
12542,16.43319952499748,283,19
12543,36.58806052958731,80,19
12544,53.339442954326806,343,19
12549,86.65726921895264,300,19
12551,52.49765931342699,113,19
12553,87.30235378731147,363,19
12554,77.19352337790306,338,19
12560,43.14074797875459,79,19
12564,102.41017697772241,150,19
12567,46.37267862541964,45,19
12590,174.4985298795743,174,19
12598,28.196454153961415,9,19
12604,47.7965996203536,95,19
12606,112.02297248389434,2,19
12609,47.00238961321424,19,19
12610,43.050485391224996,142,19
12613,80.65575517154095,251,19
12616,119.17450661963558,339,19
12618,41.82656880069849,286,19
12619,25.474884808233316,260,19
12620,59.99992191603668,67,19
12622,27.055218862834582,282,19
12623,75.4297082636393,350,19
12625,100.44016253425578,26,19
12629,21.961953527740754,18,19
12630,19.10504203038404,36,19
12632,33.83187948215442,46,19
12634,93.26487628557003,288,19
12638,29.113847244447253,268,19
12640,87.72981111694243,276,19
12642,46.32287967451357,296,19
12645,129.8897036149205,197,19
12647,42.11325253766487,246,19
12648,83.4980549867951,325,19
12652,160.29689563282759,180,19
12653,124.90798218704852,40,19
12655,20.121544577105972,270,19
12656,106.66513787803306,60,19
12658,96.55169823186377,341,19
12659,36.87693543119615,280,19
12660,152.63554787394233,32,19
12672,145.65514392014532,38,19
12677,27.659440740458493,283,19
12678,198.87404661777492,227,19
12682,63.44217746199507,165,19
12684,57.256670268346284,360,19
12686,38.37444594260202,80,19
12687,45.45814922854191,223,19
12689,93.58964170819561,71,19
12690,28.97195192579835,59,19
12692,28.02475187011159,44,19
12693,44.84259970313192,338,19
12697,57.54571193452897,113,19
12707,65.41867127619012,146,19
12710,77.85729522487411,150,19
12711,26.24018756499954,167,19
12714,90.65452645476302,323,19
12715,19.527965747735575,169,19
12719,34.345067503392926,75,19
12733,187.66568764908124,126,19
12734,209.89982917877776,174,19
12741,15.518026576412781,6,19
12757,38.58452249732061,306,19
12759,43.21962353211431,96,19
12760,61.26946406095668,194,19
12763,64.04777297986733,286,19
12764,17.394766950010954,282,19
12765,98.87145974911421,33,19
12766,40.05388222741254,258,19
12769,41.20455326515419,99,19
12770,54.300375001457134,251,19
12771,18.522049743617913,164,19
12777,24.157531956061693,264,19
12778,113.2128200561844,128,19
12779,118.01527886717341,26,19
12788,46.79430350636489,179,19
12791,22.086334109059393,37,19
12792,51.86768575852949,246,19
12794,109.0070458049587,32,19
12798,126.7363429729982,197,19
12800,62.268621773356195,273,19
12803,168.78205776140456,31,19
12813,15.466444648795836,270,19
12815,84.23098646473373,71,19
12816,55.36240968547017,343,19
12818,26.272368535997053,284,19
12821,24.703075008159423,300,19
12825,24.54565326939653,165,19
12826,22.068802819656717,80,19
12827,111.0445559833707,60,19
12829,245.38973783615518,94,19
12831,38.14655483763644,50,19
12837,68.58396789099552,366,19
12838,54.45632244255818,44,19
12843,84.01883493240302,75,19
12850,55.71603634614022,79,19
12852,33.96290542160516,62,19
12860,80.74005416399858,82,19
12863,183.44232893066027,254,19
12864,102.56912990675237,87,19
12879,29.800285604407524,125,19
12884,36.58430746088202,3,19
12886,15.887146783577236,6,19
12887,43.385635849496616,141,19
12890,38.29216339712205,160,19
12893,73.005967765226,16,19
12895,57.92054064556914,19,19
12897,34.459629882501794,97,19
12898,33.82936335719572,96,19
12902,98.63077527844128,194,19
12904,78.95811235224124,251,19
12911,42.990786357840655,31,19
12914,22.530481004131488,164,19
12916,54.71203377189486,128,19
12918,19.038956255828044,36,19
12920,24.587776675864248,162,19
12921,21.660891109099047,25,19
12924,69.41176815022973,26,19
12926,27.175525131370062,21,19
12927,97.16209653396437,145,19
12928,24.487410086210097,39,19
12929,53.063418343418356,279,19
12930,83.85629511946968,271,19
12934,71.59103061020447,276,19
12936,9.972930377329632,37,19
12937,27.705316694821168,260,19
12940,130.19129875268732,341,19
12941,120.87993916147745,197,19
12942,61.55290569204667,301,19
12944,76.14653750374869,360,19
12946,23.569380735339777,278,19
12947,189.60405982367044,40,19
12950,34.55252789705511,43,19
12951,53.339456873269796,234,19
12957,36.97795554056371,284,19
12958,41.35637577587833,34,19
12961,34.4444047218149,280,19
12965,37.91359338711547,292,19
12968,135.95153564085552,343,19
12971,86.94915900353018,46,19
12972,143.21208706535987,88,19
12978,61.632078951668596,71,19
12979,54.62680729162182,59,19
12981,27.577161528079618,165,19
12982,55.11466735222734,323,19
12983,30.9682966443955,300,19
12986,84.4400743274549,80,19
12987,28.024274853717124,75,19
12988,60.00262004025504,345,19
12996,93.48264159028363,63,19
12997,142.54463075057865,134,19
12999,105.07437608767252,108,19
13005,32.58360011003028,79,19
13006,69.27886072827486,83,19
13007,109.3795204616303,78,19
13014,24.628800135631597,167,19
13016,67.91549437708248,116,19
13017,101.51565070400174,254,19
13021,86.68167611888305,223,19
13023,66.1979499589883,87,19
13028,71.62599556795242,126,19
13036,44.63962108680501,3,19
13041,40.62323039023546,95,19
13043,20.18891816812782,10,19
13044,47.11069612768293,141,19
13052,66.19834156429772,142,19
13053,39.243043183215875,11,19
13060,26.524987128364476,96,19
13061,96.75907194768286,350,19
13062,68.21287923852839,194,19
13064,32.98704849742888,258,19
13065,76.92321131806756,286,19
13066,105.73440776170717,22,19
13068,36.4706790649658,282,19
13069,24.272037106883236,260,19
13070,25.158430429934345,36,19
13073,18.983158344890317,41,19
13076,35.700085803443976,274,19
13079,143.16099287826992,26,19
13080,49.04082339524176,261,19
13081,62.088037636197534,39,19
13083,23.83057712233723,43,19
13088,33.50295730485106,31,19
13089,55.71197578777169,246,19
13092,60.43675501580013,268,19
13096,136.57694603123954,34,19
13100,31.36717238772785,278,19
13103,20.494251884046875,270,19
13109,47.911897656697185,104,19
13122,36.6437318734704,49,19
13125,72.30002497809997,146,19
13126,35.75015939623936,300,19
13127,129.39542546188727,32,19
13129,49.25563739074097,80,19
13130,37.98670712734723,60,19
13131,67.7489448734584,57,19
13132,51.544260100348104,44,19
13136,36.34216135007982,284,19
13138,27.693777912055868,167,19
13140,50.3736971547281,234,19
13141,107.11934403305418,180,19
13142,50.3283197877808,113,19
13146,99.27670619475177,50,19
13152,30.28265292436362,79,19
13153,126.13026186194801,78,19
13155,38.63872164003341,118,19
13157,30.99754267086767,69,19
13159,97.69886638095103,254,19
13164,48.87658238021003,83,19
13165,126.63636967087471,132,19
13166,45.642365899935044,233,19
13178,49.73805694848289,14,19
13185,102.37104995946935,280,19
13186,42.10916628105466,306,19
13187,76.07376600155412,276,19
13188,75.04378675022302,267,19
13195,32.24608459142785,288,19
13203,35.43326948465998,3,19
13204,72.37699335403806,141,19
13209,35.377888203081994,160,19
13210,16.867874115961378,7,19
13212,32.13318762613923,16,19
13213,32.88164174359499,19,19
13215,47.81117169997234,11,19
13217,37.18002386983014,15,19
13219,26.63747369431197,306,19
13221,62.51511825740205,96,19
13223,41.58495991022022,194,19
13224,70.43560420579938,339,19
13226,40.64003445615409,258,19
13227,25.219488574351097,198,19
13228,58.268681462754365,286,19
13229,54.91295516177807,279,19
13230,48.23798144397872,67,19
13234,51.62417419948074,99,19
13235,32.7744001603794,362,19
13236,25.93335102622372,257,19
13238,24.139614316188144,41,19
13239,28.791965592147534,164,19
13240,36.3139510571024,296,19
13242,33.4282596574455,302,19
13244,32.505636054816584,42,19
13246,63.45541919859627,46,19
13248,43.12542730305273,28,19
13249,29.908904044083773,282,19
13254,24.28153311436871,43,19
13255,52.69883450914291,31,19
13257,41.652969660913776,127,19
13258,73.63171555554666,288,19
13259,48.81237300258621,301,19
13260,58.933699533097446,268,19
13269,114.98019713961226,60,19
13272,21.291001371738638,278,19
13273,123.32346042641154,234,19
13274,46.806616156613956,275,19
13275,44.60520337576072,354,19
13276,56.12050524875016,325,19
13280,170.58545417479763,88,19
13281,25.53542294586095,223,19
13283,49.703606430043216,265,19
13286,120.17245643494937,197,19
13291,22.06292829343214,165,19
13292,51.80066223203797,54,19
13293,15.87676661384999,283,19
13294,38.43738622524626,79,19
13295,41.53448604198074,293,19
13297,69.11164658659689,80,19
13299,55.7158772294163,343,19
13300,102.35316542754663,105,19
13308,26.718574000358622,284,19
13309,61.76874667543423,113,19
13312,90.72198820945476,45,19
13316,133.78243219538103,174,19
13318,144.60178397430914,150,19
13325,36.16046891397463,169,19
13329,51.86021064387436,75,19
13333,42.221225832658355,167,19
13337,46.397081555504926,366,19
13361,23.000375836613326,8,19
13365,44.35570819108105,95,19
13380,61.679676086237514,19,19
13381,28.260779756032907,96,19
13384,41.342036961322044,198,19
13386,60.54399363812501,25,19
13389,51.72896374996027,286,19
13390,99.6585186233211,67,19
13391,34.0664009141664,266,19
13397,25.071845390016165,162,19
13398,34.565769092994366,274,19
13399,55.29633593873699,202,19
13402,39.35073622559344,42,19
13404,35.26585120528015,31,19
13405,39.396534621499676,128,19
13412,45.384835393909505,296,19
13414,118.67556520482658,26,19
13415,36.64438824245547,23,19
13418,29.612141981640313,268,19
13424,133.26422548405884,197,19
13427,93.57116110911626,288,19
13430,68.60508234476022,273,19
13431,63.65833737271085,294,19
13435,121.01238025979433,341,19
13437,25.356945978495396,278,19
13438,145.38033351224402,60,19
13439,69.70234520587098,57,19
13444,64.12061420849265,292,19
13452,143.51032575677408,54,19
13454,39.6281466715098,185,19
13455,81.30796443066757,354,19
13456,26.44587667051469,165,19
13458,79.24981277357168,174,19
13460,28.797721122322464,300,19
13463,38.3728777981399,371,19
13466,114.92355514974014,80,19
13476,37.13276739158298,169,19
13483,79.19539526972088,138,19
13489,33.07054478861368,75,19
13490,45.02630380153254,113,19
13511,89.87978091379851,88,19
13536,36.88579546047516,143,19
13538,118.49843697035945,16,19
13545,105.41506655604748,305,19
13547,87.61623619522092,25,19
13552,32.025177205206845,257,19
13555,104.29701865709795,26,19
13564,67.38305104306279,128,19
13566,58.140205758031804,266,19
13577,28.099958197045805,36,19
13578,74.68832804350703,264,19
13579,72.75249016987905,269,19
13580,60.72102452917138,197,19
13581,42.564153220771594,268,19
13586,61.446053106321614,146,19
13589,141.4052894921177,180,19
13590,55.887093039316305,285,19
13592,52.72651320311938,265,19
13596,122.5504099456944,65,19
13597,66.6342771605119,281,19
13598,43.69966961350747,278,19
13603,24.251586691015568,300,19
13608,27.275654242074427,293,19
13610,69.38187573878653,277,19
13611,55.751472042820495,284,19
13612,100.04666689998815,32,19
13614,94.40525552385932,108,19
13616,32.89497640872496,360,19
13618,25.45255366343869,80,19
13621,38.84194093142351,59,19
13626,48.82365308781636,50,19
13627,67.52095435764629,44,19
13628,40.99893816524154,79,19
13631,102.48363834354254,150,19
13634,99.43951301765529,70,19
13647,67.11710372019418,82,19
13649,78.9239518062136,118,19
13651,110.55093168455303,87,19
13652,96.85124836273557,88,19
13675,33.63201303830881,160,19
13682,47.49832887538011,16,19
13683,77.6561250780026,19,19
13689,36.17002630729514,96,19
13690,25.724595133232572,305,19
13692,87.09610315647915,194,19
13694,65.42209152547025,67,19
13696,51.76280569962814,286,19
13697,50.51509038129741,258,19
13698,111.86856413555341,26,19
13699,32.79759759594508,41,19
13700,20.72541231581418,266,19
13704,65.5868466870286,273,19
13708,16.654034704668252,36,19
13710,29.057960287793435,31,19
13714,25.48409509039853,39,19
13715,54.0613700809066,128,19
13720,42.672146559064494,246,19
13723,116.07820609169049,197,19
13727,29.35844153279436,223,19
13734,33.524523385178306,268,19
13738,59.47379526366248,325,19
13739,114.95792381556194,341,19
13740,109.99068985476904,343,19
13741,25.452577089978565,265,19
13743,59.33120085216548,134,19
13746,79.7324502611154,50,19
13747,79.44270087718749,360,19
13748,41.37220072085802,165,19
13751,121.25574240087892,323,19
13752,100.9375575083572,174,19
13753,47.35006209230864,284,19
13757,48.210033165266346,80,19
13759,129.43010308632537,108,19
13763,138.16236286169496,46,19
13766,122.86181625550694,150,19
13768,115.5489508681165,206,19
13770,56.56439622637836,169,19
13771,21.540956680894883,69,19
13773,52.00217172675922,167,19
13780,24.33268335067138,75,19
13781,113.38562275080743,253,19
13795,124.67347279977358,87,19
13804,44.64535362398648,8,19
13812,85.76246589000186,141,19
13814,40.14237173417006,3,19
13815,36.40025862376597,95,19
13820,69.29017541426619,142,19
13821,34.16031845204985,14,19
13824,49.23707342433868,15,19
13834,90.7835054725924,286,19
13835,133.0949507705208,26,19
13836,64.44579813890167,194,19
13837,57.707685389101805,22,19
13839,38.97461252004138,67,19
13840,15.76174227568459,258,19
13841,66.62727115287686,266,19
13842,18.18127423082352,41,19
13844,22.06047908453487,36,19
13847,46.74320009879634,162,19
13848,63.173885779191764,39,19
13850,29.66064052376841,23,19
13855,59.074910040588925,128,19
13858,26.810952670440784,43,19
13862,127.99834798708378,197,19
13865,22.401661954348363,37,19
13867,59.73243216458201,281,19
13870,42.15169262678224,278,19
13875,59.34471928485603,291,19
13876,21.666959049951732,270,19
13879,163.97339801614825,71,19
13882,48.37704033114063,300,19
13883,34.509584147193536,165,19
13884,89.85483838762964,341,19
13887,32.41524796477101,284,19
13888,36.634388054370916,293,19
13890,74.0684322320811,323,19
13891,87.84712128533988,54,19
13895,54.613067509305864,234,19
13901,40.62011697370692,80,19
13902,58.19862068391008,366,19
13903,45.0892752683708,113,19
13907,31.688083885095075,114,19
13912,79.84644553066396,174,19
13913,97.51666790657421,242,19
13917,35.07303423324039,72,19
13918,96.01238044264922,108,19
13919,137.08928887046022,150,19
13921,43.896397279197366,75,19
13922,25.235752420930485,79,19
13923,48.928964725261196,167,19
13926,37.08476480638537,233,19
13932,70.93483222456666,334,19
13933,31.157760741369,118,19
13947,86.50192658091285,279,19
13950,58.23189704318253,261,19
13951,57.4718598723634,260,19
13954,61.31888960172599,269,19
13956,43.09101663404403,259,19
13959,58.551458325704104,297,19
13961,101.04830267853347,159,19
13966,49.8332651839502,141,19
13970,46.576858555700824,3,19
13977,19.83468118785413,7,19
13981,51.637718847850955,11,19
13982,90.93882614740174,14,19
13984,53.389527733616,305,19
13985,58.671953669976624,96,19
13986,44.80368521304001,15,19
13987,72.92060759540371,362,19
13988,21.47840462817833,18,19
13990,58.14376653547635,251,19
13991,45.54387876811608,194,19
13996,24.536365444011537,198,19
13998,98.50812660707231,26,19
13999,34.2797039102606,296,19
14000,30.43021360927518,41,19
14001,40.21144096646354,46,19
14002,127.1313360519965,302,19
14005,45.85811123570082,162,19
14010,36.054896918747886,266,19
14011,18.82868358483177,39,19
14012,17.28721217454587,36,19
14014,23.833610971245154,25,19
14016,59.71160252742592,42,19
14017,71.1331168677571,128,19
14018,79.12965101276727,263,19
14021,117.4367070962769,300,19
14022,40.595815359076816,127,19
14024,103.55147283590472,32,19
14032,132.9647587480206,234,19
14036,27.773148268761982,281,19
14039,34.856285532891704,164,19
14045,61.86084164615987,360,19
14048,53.565371347313274,294,19
14052,58.12535915587158,54,19
14055,20.505315547942658,284,19
14056,38.3454807599023,293,19
14057,134.99021729602975,206,19
14058,40.3108744512878,297,19
14059,69.75692971891205,110,19
14061,67.62721323052983,354,19
14064,37.14032751934745,350,19
14069,50.561301485381236,283,19
14072,139.07717950059697,197,19
14073,60.56002590190452,345,19
14074,66.27592537206625,113,19
14082,46.583511541377405,226,19
14083,50.297645377270975,88,19
14089,169.65815463707256,374,19
14092,87.42560973055069,75,19
14093,121.73226353352028,150,19
14099,45.89215044332635,79,19
14100,89.26776717168825,167,19
14108,213.6664349789341,120,19
14111,100.17850276556548,126,19
14116,89.51248655347027,1,19
14121,86.89268791413869,141,19
14129,82.86661464491584,19,19
14130,107.05685129107083,337,19
14133,49.27148417352729,15,19
14137,38.301473974387726,260,19
14141,19.405394263287484,257,19
14144,53.29252312887871,198,19
14146,76.92979407807753,26,19
14147,34.43875763688012,274,19
14148,50.90382046477701,128,19
14152,25.562896967405383,162,19
14154,49.74405456306791,43,19
14156,42.36991843197706,31,19
14157,84.90969995438508,288,19
14159,39.925010376846124,267,19
14160,42.39818167804643,279,19
14161,56.27629246513873,268,19
14162,116.28072493668019,197,19
14168,153.06484989778335,32,19
14170,21.18915803694715,36,19
14171,64.26371979914914,294,19
14172,145.72243973508444,60,19
14175,122.33109012832622,371,19
14176,71.43068590287812,323,19
14177,26.35105587777679,42,19
14179,28.260382959131288,278,19
14181,32.6302288752329,223,19
14187,33.944427312831806,46,19
14191,120.96613961937658,54,19
14197,120.33766998587946,180,19
14198,24.12362182267599,165,19
14207,56.71296204205349,171,19
14208,77.23180483756614,345,19
14210,67.39350752599168,113,19
14212,114.76563778702894,38,19
14216,26.799827653292272,325,19
14220,56.22797078160382,234,19
14232,121.64166142455635,85,19
14237,147.45343220657213,72,19
14238,103.28665727627147,79,19
14239,84.27768804341554,150,19
14242,290.2836575818894,167,19
14243,74.8182719919969,87,19
14267,22.877914855814755,5,19
14269,36.326852413466916,7,19
14277,51.02620085587297,15,19
14278,48.824608100384104,25,19
14279,46.40599154739599,143,19
14284,65.56259341028804,194,19
14286,39.669804755213974,258,19
14287,38.591128553295434,259,19
14289,67.74571173928376,286,19
14291,102.53106151437022,331,19
14295,26.156743150562203,42,19
14297,13.889098383954279,164,19
14299,32.74721595521083,99,19
14300,53.40557780937285,251,19
14306,48.475124618149394,162,19
14308,25.54556718878294,264,19
14310,33.857389382898035,23,19
14311,43.953998379094976,296,19
14314,84.89540445376939,21,19
14315,129.5731001340368,197,19
14316,37.85381456973019,268,19
14319,112.08951518327072,242,19
14322,57.47476641421978,292,19
14325,45.41097380733598,34,19
14327,139.03440142591526,32,19
14336,96.74003415001735,54,19
14337,26.46126168008978,28,19
14342,33.219684151607545,285,19
14348,22.45101463438608,283,19
14354,50.74541014547413,345,19
14358,37.53829331240034,278,19
14359,36.65385909390765,80,19
14375,57.59647090090632,366,19
14377,66.38921583776865,79,19
14378,144.14636252830442,70,19
14382,57.34912864374838,116,19
14384,67.92879002856309,233,19
14385,92.55899629480851,59,19
14390,94.20676148301868,75,19
14391,95.97722906949224,87,19
14425,75.89033097908866,141,19
14428,28.002424971483073,160,19
14429,37.425692793191544,7,19
14432,66.79602145080467,19,19
14434,53.6748383591452,16,19
14435,129.2237520321419,337,19
14437,48.082052996947105,97,19
14443,24.713337852804198,305,19
14448,19.7774708063288,266,19
14457,63.379248120050896,42,19
14458,25.200477682471714,36,19
14459,43.177064137141926,31,19
14461,36.154996621453314,25,19
14462,80.71723055233342,26,19
14466,37.17120947186618,276,19
14468,30.974817501837233,18,19
14469,37.90825981760431,21,19
14470,121.30883697980374,197,19
14471,61.20718804058075,246,19
14473,77.28889466198015,325,19
14474,39.88926002773141,261,19
14475,53.205029364993685,279,19
14477,198.49080014824796,180,19
14478,37.75397351591211,278,19
14486,53.888385900280575,34,19
14497,44.897647587093516,275,19
14498,20.21335429572158,43,19
14502,31.15799606917742,293,19
14503,27.146790218615127,283,19
14504,44.25183669770413,300,19
14509,46.85944747041803,165,19
14510,59.35831119571146,323,19
14511,51.38377321111863,234,19
14513,72.58999236793494,242,19
14516,51.3555010329546,360,19
14519,56.09801005932372,171,19
14520,56.85940706724987,71,19
14523,47.62435870834478,345,19
14526,42.80333835769033,80,19
14528,140.1107093410336,174,19
14529,78.3761712245445,113,19
14530,81.27444553368234,49,19
14531,42.7821029166056,59,19
14533,116.36926342278817,88,19
14543,29.97358026400948,79,19
14549,39.53733967160393,233,19
14550,141.94563414307146,376,19
14563,76.02308163005215,126,19
14576,50.86173623030492,4,19
14577,42.9090133684884,3,19
14583,42.009026762689494,95,19
14588,51.02803669141994,161,19
14599,90.38195627529923,286,19
14605,24.842139081313743,37,19
14608,21.516000101896694,257,19
14609,14.33472055203996,36,19
14611,66.9256067134353,273,19
14612,56.35071213842002,15,19
14613,39.57452070149296,164,19
14614,19.24444684302823,41,19
14615,64.57194405688739,266,19
14617,39.697504985028125,259,19
14619,75.01575990778414,128,19
14621,39.834906922005764,162,19
14622,46.89704320613187,46,19
14623,34.27468415301561,43,19
14625,20.409230443822768,23,19
14626,50.26240305060576,31,19
14628,111.5148684023603,344,19
14629,114.12955308309516,197,19
14630,34.696068657304345,265,19
14632,73.85880416627853,279,19
14634,126.37535893585283,34,19
14636,15.902645411749484,303,19
14640,188.04537196680613,242,19
14642,40.99479026991636,292,19
14643,116.131575416893,38,19
14644,18.020215894512138,42,19
14646,175.80078521835316,88,19
14650,41.58990496686136,104,19
14655,28.765847414202913,284,19
14656,45.810213749554656,281,19
14658,29.071900533354935,300,19
14662,51.50375095349668,213,19
14663,40.85218130043088,288,19
14664,94.23017688457438,293,19
14667,59.107276425669866,146,19
14670,34.44156136654179,49,19
14671,31.936382655325943,80,19
14675,36.84338466503742,345,19
14677,69.26145002812073,376,19
14679,125.73020243724628,78,19
14681,106.51383246599373,63,19
14685,50.34004767538132,113,19
14687,44.2286840847065,132,19
14690,144.7396970437473,365,19
14691,67.9116598442968,167,19
14694,54.994944388705214,334,19
14696,17.87142309182224,171,19
14698,89.49039570015462,349,19
14711,58.42504898910756,339,19
14712,35.37881789055411,274,19
14725,37.36145676253948,125,19
14727,28.76605004855861,6,19
14730,54.16510315274029,141,19
14731,37.29273137706163,3,19
14734,35.26623805228993,160,19
14736,124.41190244789864,2,19
14738,38.85260950027526,16,19
14739,28.615456577275044,11,19
14740,110.33703357566664,337,19
14741,27.903024183867707,145,19
14743,36.55397640582305,143,19
14744,66.00470159035956,96,19
14747,62.35360531462796,362,19
14752,25.19988582944393,306,19
14753,54.38425771008728,164,19
14757,33.35961114120763,274,19
14759,39.954133273658854,162,19
14763,71.95795227787677,246,19
14764,49.851624558266835,23,19
14768,106.13200524330088,291,19
14769,33.00790414090746,21,19
14771,23.973448324056907,276,19
14774,183.19969891347864,180,19
14776,62.51264688108194,292,19
14777,56.338892686065655,34,19
14780,122.1406500056783,60,19
14782,39.359343326240406,28,19
14786,42.09905683894022,269,19
14787,57.87344494317023,294,19
14788,68.09174380356593,57,19
14789,67.284246476323,42,19
14791,27.72494809534894,223,19
14793,168.2358499560168,234,19
14794,63.75857727427099,102,19
14798,68.30706621176135,343,19
14800,64.48326305714416,277,19
14801,44.290246545605214,52,19
14805,69.07840530683833,360,19
14807,55.092268620963054,54,19
14808,56.967019247812296,79,19
14809,74.9381825119949,242,19
14811,38.469587383120185,165,19
14815,87.74940130290197,197,19
14818,44.95095118279979,293,19
14819,41.48590241251187,59,19
14829,35.84976524545358,376,19
14830,103.52529858033914,113,19
14835,81.096180929132,150,19
14841,31.95316329418106,75,19
14853,77.1378101971478,87,19
14871,33.86473570675585,95,19
14873,29.76378216009085,7,19
14876,30.680090960368354,161,19
14879,51.89929211015067,19,19
14881,26.97147223653254,142,19
14882,35.507467913665955,145,19
14883,49.76466155225615,96,19
14884,31.612337168684775,305,19
14885,124.4559937914447,26,19
14886,50.283977293240895,15,19
14888,46.99834212313126,67,19
14889,48.453577441766896,286,19
14890,42.61120142386203,258,19
14891,49.712978820767596,42,19
14892,24.642635428478414,257,19
14893,80.04625198628236,33,19
14897,22.070497801161927,36,19
14898,23.12582156138679,162,19
14899,91.73596051903823,276,19
14900,54.09522770266305,128,19
14903,48.465621898123025,266,19
14904,48.62302193147327,164,19
14906,91.52340339493085,288,19
14910,145.93167113113412,197,19
14914,110.27174653232635,341,19
14916,170.31481575189113,60,19
14917,81.1138091509199,294,19
14923,22.0342670329872,278,19
14929,42.8455823971016,275,19
14931,50.84240980405436,360,19
14933,99.0444498018017,242,19
14938,157.72123034524625,54,19
14940,44.0520696346745,31,19
14945,12.561517927283793,165,19
14946,110.25599996136833,146,19
14949,62.102933408996215,185,19
14952,32.26436374222265,80,19
14954,139.5396556858645,372,19
14962,65.84943578210083,113,19
14969,38.68824754284047,79,19
14978,46.728974450730014,174,19
14981,88.70090218491173,85,19
15002,23.051349892324414,6,19
15004,33.41254113858207,3,19
15006,82.58575442195502,141,19
15007,27.22053028542278,4,19
15009,26.429533729728345,10,19
15015,42.03163237817603,143,19
15016,47.05870176565273,161,19
15017,75.6431993234748,16,19
15019,37.36665175601331,97,19
15021,65.04648994577505,194,19
15024,21.749393542201762,18,19
15025,73.11012972273342,286,19
15029,25.79934334959497,260,19
15032,11.868757295649278,36,19
15033,105.31972019734063,26,19
15036,64.02445113426506,273,19
15041,43.20988987204855,162,19
15046,52.33751534550142,46,19
15050,54.8309400472361,279,19
15053,44.00980181282692,291,19
15055,26.281099655509674,274,19
15056,44.60441840874826,23,19
15057,165.50704261818163,197,19
15058,42.31625761544049,251,19
15059,36.005093237068486,296,19
15067,126.00518031402683,34,19
15068,129.17727001579271,146,19
15069,119.62961650468777,54,19
15070,21.329424511330664,278,19
15074,56.09017407232529,275,19
15082,43.3881616320906,165,19
15088,54.93303765076289,323,19
15090,24.934407751050923,284,19
15096,69.12445797336362,293,19
15097,49.469364343795476,277,19
15099,100.27154598753216,108,19
15100,106.06090094534082,60,19
15102,50.45128156662215,372,19
15104,66.0084372127121,167,19
15107,103.7067006427725,263,19
15113,55.79709772052751,79,19
15115,85.92407530415426,118,19
15121,121.285055226556,233,19
15143,39.347516283584305,3,19
15144,29.656011037552528,10,19
15146,51.34628297593926,6,19
15151,37.53749640192367,19,19
15152,31.737586675632745,142,19
15154,17.581427027233993,11,19
15155,37.425870618693935,160,19
15157,81.3474025483577,379,19
15159,49.75534705880872,96,19
15162,21.532811171050568,305,19
15164,44.715149127569404,198,19
15165,74.44640263997977,67,19
15168,77.96416207385508,286,19
15169,82.24859042744097,362,19
15171,37.893756221807486,260,19
15179,90.88207964204032,128,19
15183,36.493012425716195,162,19
15185,42.09384145449213,23,19
15187,37.568561832223,43,19
15189,99.0811228160247,339,19
15192,54.75162609451746,344,19
15194,134.95347789694327,197,19
15198,107.88009708730843,34,19
15200,18.441442733896523,303,19
15201,170.79980406337413,38,19
15203,66.48563013006155,301,19
15206,41.32360432925618,269,19
15208,18.20919930455251,41,19
15209,50.91669586485715,293,19
15212,25.428712439287075,278,19
15222,53.88609052256294,46,19
15226,70.84349637377552,49,19
15227,54.92308404176565,165,19
15229,94.03029578916646,285,19
15231,84.36395747519909,360,19
15233,78.69492137889563,323,19
15236,47.18638221021234,80,19
15243,112.53674512154076,108,19
15244,74.62211933803242,113,19
15247,158.73570050805913,78,19
15252,89.18475253097996,372,19
15259,50.60689728132974,150,19
15261,35.959650781045404,79,19
15262,24.764308042373436,167,19
15263,60.16811631604105,361,19
15270,83.62670285634154,57,19
15273,46.538211767185814,349,19
15274,91.66233396918186,87,19
15284,50.21679098002943,9,19
15285,34.77163619610125,3,19
15296,35.34374168042355,161,19
15298,69.61705160402667,14,19
15301,55.50795341083612,379,19
15302,34.78093834851999,97,19
15303,71.51315072854057,142,19
15305,57.063075337668884,96,19
15306,25.161738875884172,306,19
15307,28.899634353151242,305,19
15309,30.82123579814495,258,19
15310,78.73779202275571,194,19
15312,59.261637246539436,67,19
15314,32.98018372287869,266,19
15317,18.982798544415793,257,19
15319,34.291795197532956,274,19
15321,24.75831698620389,164,19
15322,44.67945101350611,273,19
15325,39.02204568685333,162,19
15330,66.64083165732433,302,19
15332,85.62361785073938,344,19
15334,147.51853680169694,32,19
15337,44.99019375735166,261,19
15338,66.25847422505583,371,19
15339,41.94310488455696,301,19
15341,16.325043693666547,303,19
15346,98.02063247733591,31,19
15348,52.71140876788528,251,19
15350,52.10147391168478,281,19
15356,17.80451450303717,285,19
15361,46.56520875104905,325,19
15362,42.60852657098531,46,19
15363,57.12459044668745,341,19
15364,70.37403372945072,49,19
15365,135.022994398464,126,19
15367,95.07175524738695,323,19
15373,31.485832284815086,283,19
15374,76.95867428694547,165,19
15378,30.46772877829601,360,19
15383,108.3381424484901,108,19
15390,43.24512188002527,70,19
15392,29.309201556452354,118,19
15393,80.52576194170206,233,19
15397,37.012281526472734,79,19
15399,55.985606555026074,334,19
15402,59.81797014723349,380,19
15415,39.76444580631419,311,19
15421,88.87641237331313,10,19
15424,66.15615758764213,260,19
15427,148.31419602068397,2,19
15429,60.68150277682417,265,19
15430,51.849244125395046,277,19
15432,77.3043364017916,264,19
15433,71.01808335745987,297,19
15434,64.1611978565584,262,19
